{
    "name": "HackAssistant",
    "intents": [
        {
            "type": "registry",
            "id": "ActivateObject",
            "version": "latest",
            "language": "en",
            "slots": [
                {
                    "required": false,
                    "name": "objectType",
                    "missingQuestion": "",
                    "entity": "objectType"
                },
                {
                    "required": false,
                    "name": "objectLocation",
                    "missingQuestion": "",
                    "entity": "objectLocation"
                },
                {
                    "required": false,
                    "name": "startDateTime",
                    "missingQuestion": "",
                    "entity": "snips/datetime"
                }
            ],
            "name": "ActivateObject",
            "confirmationRequired": false,
            "confirmationQuestion": ""
        },
        {
            "type": "registry",
            "id": "DeactivateObject",
            "version": "latest",
            "language": "en",
            "slots": [
                {
                    "required": false,
                    "name": "objectType",
                    "missingQuestion": "",
                    "entity": "objectType"
                },
                {
                    "required": false,
                    "name": "objectLocation",
                    "missingQuestion": "",
                    "entity": "objectLocation"
                },
                {
                    "required": false,
                    "name": "startDateTime",
                    "missingQuestion": "",
                    "entity": "startTime"
                }
            ],
            "name": "DeactivateObject",
            "confirmationRequired": false,
            "confirmationQuestion": ""
        },
        {
            "type": "registry",
            "id": "MuteObject",
            "version": "latest",
            "language": "en",
            "slots": [
                {
                    "required": false,
                    "name": "actionType",
                    "missingQuestion": "",
                    "entity": "actionType"
                },
                {
                    "required": false,
                    "name": "deviceType",
                    "missingQuestion": "",
                    "entity": "deviceType"
                }
            ],
            "name": "MuteObject",
            "confirmationRequired": false,
            "confirmationQuestion": ""
        },
        {
            "type": "registry",
            "id": "ActivateLightColor",
            "version": "latest",
            "language": "en",
            "slots": [
                {
                    "required": false,
                    "name": "objectColor",
                    "missingQuestion": "",
                    "entity": "objectColor"
                },
                {
                    "required": false,
                    "name": "objectLocation",
                    "missingQuestion": "",
                    "entity": "objectLocation"
                },
                {
                    "required": false,
                    "name": "startDatetime",
                    "missingQuestion": "",
                    "entity": "snips/datetime"
                }
            ],
            "name": "ActivateLightColor",
            "confirmationRequired": false,
            "confirmationQuestion": ""
        }
    ],
    "createdAt": 1496923795573,
    "language": "en",
    "nluEngine": {
        "version": "0.8.5"
    },
    "platform": {
        "type": "rasberrypi"
    },
    "asr": {
        "type": "google"
    },
    "analyticsEnabled": true
}